{
  "name": "factorial-reconstructor",
  "type": "reconstructor",
  "localizedName": "Factorial Reconstructor",
  "description": "Upgrades inputted units to an alternative third tier. uses brass instead of silicon."
  "category": "units",
  "requirements": [
    { "item": "lead", "amount": 650 },
    { "item": "brass", "amount": 450 },
    { "item": "titanium", "amount": 350 },
    { "item": "thorium", "amount": 650 }
  ],
  "size": 5,
  "consumes":{
  "power": 5.0,
  "items": [
    { "item": "brass", "amount": 130 },
    { "item": "titanium", "amount": 80 },
    { "item": "metaglass", "amount": 40 }
  ]
},
  "constructTime": 1500.0,
"upgrades": [
    ["poly", "trident"],
    ["mace", "omega"]
], //if you're reading this, next there will be javelin.
  "research": "multiplicative-reconstructor"
}