{
    "name": "cix",
    "description": '''Fires flammable orbs of oil at ground targets. Can step over most terrain. it can't deal damage by itself, but an igniter will cause high amount of damage.''',
    "type": "legs",
    "localizedName": "Cix",
    "speed": 0.6,
    "drag": 0.4,
    "hitSize": 13.0,
    "rotateSpeed": 3.0,
    "targetAir": false,
    "health": 600,
    "immunities": [
      "burning",
      "melting",
      "tarred"
    ],
    "legCount": 4,
    "legLength": 9.0,
    "legForwardScl": 0.6,
    "legMoveSpace": 1.4,
    "hovering": true,
    "armor": 3.0,
    "ammoType": {
      "type": "ItemAmmoType",
      "item": "coal"
    },
    "shadowElevation": 0.2,
    "groundLayer": 74,
    "weapons": [
      {
        "name": "cix-oil-weapon",
        "top": false,
        "shootY": 3.0,
        "reload": 9.0,
        "recoil": 1.0,
        "x": 7.0,
        "shootSound": "splash",
        "bullet": {
          "type": "LiquidBulletType",
          "liquid": "oil",
          "damage": 0,
          "despawnHit": true,
          "speed": 2.5,
          "drag": 0.009,
          "shootEffect": "shootSmall",
          "lifetime": 57.0,
          "collidesAir": false
        }
      }
    ]
}
