{
  "name": "hex",
  "localizedName": "Hex",
  "description": '''shoots electric beams and arcs at targets.''',
  "type": "legs",
  "speed": 0.54,
  "drag": 0.4,
  "hitSize": 15.0,
  "rotateSpeed": 3.0,
  "health": 1000,
  "armor": 5.0,
  "hovering": true,
  "shadowElevation": 0.3,
  "groundLayer": 77,
  "ammoType": {
    "type": "PowerAmmoType",
    "power": 1000
  },
  "legCount": 6,
  "legLength": 13.0,
  "legForwardScl": 0.8,
  "legMoveSpace": 1.4,
  "legBaseOffset": 2.0,
  "weapons": [
    {
      "name": "hex-weapon",
      "x": 8.5,
      "y": -1.5,
      "shootY": 4.0,
      "reload": 14.0,
      "recoil": 2.0,
      "rotate": true,
      "shootSound": "laser",
      "bullet": {
        "type": "LaserBulletType",
        "damage": 23,
        "length": 173.0,
        "lifetime": 16.0,
        "width": 4.0,
        "colors": [
          "ffffff64",
          "bf92f9",
          "ffffff"
        ],
        "hitEffect": "hitLancer",
        "drawSize": 400.0,
        "pierceCap": 4,
        "collidesAir": false
      }
    },
    {
      "name": "mount-yellow-weapon",
      "x": 4.0,
      "y": 3.0,
      "reload": 18.0,
      "rotate": true,
      "shootSound": "spark",
      "bullet": {
        "type": "LightningBulletType",
        "damage": 20,
        "lightningLength": 25,
        "collidesAir": false,
        "ammoMultiplier": 1.0,
        "lightningType": {
          "type": "BulletType",
          "speed": 0.0001,
          "damage": 0.0,
          "lifetime": 10.0,
          "hitEffect": "hitLancer",
          "despawnEffect": "none",
          "status": "shocked",
          "hittable": false,
          "collidesAir": false
        }
      }
    }
  ]
}