{
  "name": "lithius",
  "localizedName": "Lithius",
    "description": '''Fires electric cluster bombs. also shoots cryofluid at targets, increasing damage of shocked effects (including it's own)''',
  "type": "legs",
  "speed": 0.5,
  "drag": 0.1,
  "hitSize": 26.0,
  "rotateSpeed": 1.9,
  "health": 22000,
  "armor": 13.0,
  "lightRadius": 140.0,
  "drownTimeMultiplier": 3.0,
  "legCount": 8,
  "legMoveSpace": 0.8,
  "legPairOffset": 3.0,
  "legLength": 75.0,
  "legExtension": -20.0,
  "legBaseOffset": 8.0,
  "stepShake": 1.0,
  "legLengthScl": 0.93,
  "rippleScale": 3.0,
  "legSpeed": 0.19,
  "hovering": true,
  "shadowElevation": 0.95,
  "groundLayer": 77,
  "ammoType": {
    "type": "ItemAmmoType",
    "item": "graphite",
    "amount": 8
  },
  "legSplashDamage": 80,
  "legSplashRange": 60,
  "weapons": [
    {
      "name": "cryo-mount",
      "x": 11.0,
      "y": -5.0,
      "shootY": 7.0,
      "reload": 1.0,
      "inaccuracy": 30.0,
      "shake": 0,
      "rotateSpeed": 2.0,
      "ejectEffect": "casing1",
      "shootSound": "splash",
      "rotate": true,
      "shadow": 12.0,
      "recoil": 1.0
      "bullet": {
        "type": "LiquidBulletType",
        "liquid": "cryofluid",
        "damage": 0,
        "speed": 3.5,
        "drag": 0.01,
        "lifetime": 45.0,
        "collidesAir": true,
        "shootEffect": "shootSmall",
        "smokeEffect": "smoke"
      }
    },
    {
      "name": "lithius-large-cannon",
      "x": 0.0,
      "y": -14.0,
      "shootY": 22.0,
      "mirror": false,
      "reload": 210.0,
      "shake": 10.0,
      "recoil": 10.0,
      "rotateSpeed": 1.0,
      "ejectEffect": "casing3",
      "shootSound": "artillery",
      "rotate": true,
      "shadow": 30.0,
      "rotationLimit": 80.0,
      "bullet": {
        "type": "ArtilleryBulletType",
        "speed": 3.0,
        "damage": 50,
        "lifetime": 80.0,
        "width": 25.0,
        "height": 25.0,
        "collides": true,
        "collidesTiles": true,
        "ammoMultiplier": 4.0,
        "splashDamageRadius": 80.0,
        "splashDamage": 75.0,
        "backColor": "#ffcc00",
        "frontColor": "#fff7cc",
        "lightningColor": "#ffe599",
        "lightning": 15,
        "lightningLength": 10,
        "smokeEffect": "shootBigSmoke2",
        "hitShake": 10.0,
        "lightRadius": 40.0,
        "lightColor": "#ffd966",
        "lightOpacity": 0.6,
        "status": "shocked",
        "statusDuration": 600.0,
        "hitEffect": "sparkExplosion",
        "fragLifeMin": 0.3,
        "fragBullets": 9,
        "fragBullet": {
          "type": "ArtilleryBulletType",
          "speed": 2.3,
          "damage": 60,
          "lifetime": 90.0,
          "width": 20.0,
          "height": 20.0,
          "collidesTiles": false,
          "splashDamageRadius": 70.0,
          "splashDamage": 60.0,
          "backColor": "#ffcc00",
          "frontColor": "#fff7cc",
          "lightningColor": "#ffe599",
          "lightning": 10,
          "lightningLength": 8,
          "smokeEffect": "shootBigSmoke2",
          "hitShake": 5.0,
          "lightRadius": 30.0,
          "lightColor": "#ffd966",
          "lightOpacity": 0.5,
          "status": "shocked",
          "statusDuration": 600.0,
          "hitEffect": "sparkExplosion"
        }
      }
    }
  ]
}