{
  "name": "omega",
  "localizedName": "Omega",
  "constructorType": "UnitEntity",
  "description": "A bulky and well-armored mech, made for front line assaults. It's shield can block incoming damage.",
  "type": "mech",
  "canBoost": false,
  "boostMultiplier": 1.2,
  "speed": 0.5,
  "hitSize": 9.0,
  "range": 15,
  "drag": 0.034,
  "health": 800,
  "armor": 5,
  "buildSpeed": 4.0,
  "mineSpeed": 5.0,
  "mineTier": 3,
  "itemCapacity": 80,
  "engineColor": "#feb380",
  "engineY": 1.0,
  "engineSize": 3.0,
"abilities": [
  {
    "type": "RepairFieldAbility",
    "radius": 6,
    "reload": 300,
    "healAmount": 50
  },
  {
    "type": "ForceFieldAbility",
    "radius": 10,
    "regen": 0.5,
    "max": 800,
    "sides": 8,
    "cooldown": 900
  }
],
  "weapons": [
    {
      "name": "swarmer-weapon",
      "x": 6.5,
      "y": 0.0,
      "mirror": true,
      "alternate": true,
      "shootCone": 20,
      "inaccuracy": 8.0,
      "ignoreRotation": false,
      "shootSound": "shootBig",
      "top": false,
      "reload": 38.0,
      "range": 15,
      "shake": 3,
      "recoil": 4.0,
        "shoot": {
        "shots": 4,
        "spacing": 10.0,
        "shotDelay": 1,
        "count": 4,
        "spread": 10.0
}
      "bullet": {
        "type": "MissileBulletType",
        "weaveMag": 4,
        "weaveScale": 5,
        "damage": 25,
        "splashDamage": 30,
        "splashDamageRadius": 15,
        "speed": 2.4,
        "homingPower": 0.05,
        "lifetime": 55,
        "hitEffect": "explosion",
        "hitSound": "artillery",
        "status": "blasted",
        "statusDuration": 120,
        "width": 10,
        "height": 14,
      }
    }
  ],
  "research": "factorial-reconstructor"
}