{
  "name": "trident",
  "localizedName": "Trident",
  "constructorType": "UnitEntity",
  "description": "A heavy bomber, built for construction and destroying enemy fortifications. Reasonably well armored.",
  "type": "flying",
  "flying": true,
  "hitSize": 9.0,
  "speed": 3.0,
  "accel": 0.05,
  "drag": 0.034,
    "abilities": [
  {
     "type": "RepairFieldAbility",
     "radius": 5,
     "reload": 225,
     "healAmount": 70
  }
],
  "mass": 2.5,
  "health": 1050,
  "armor": 4,
  "itemCapacity": 30,
  "engineColor": "#84f491",
  "engineY": 1.0,
  "engineSize": 3.0,
  "buildSpeed": 2.5,
  "mineSpeed": 3.5,
  "mineTier": 3,
  "canMineFloor": true,
  "range": 140,
  "faceTarget": false,
  "circleTarget": true,
  "autoDropBombs": true,
  "targetAir": false,
  "targetFlags": ["factory", null],
  "weapons": [
    {
      "name": "bomber",
      "x": 3.0,
      "y": -4.0,
      "minShootVelocity": 0.75,
      "mirror": true,
      "alternate": false,
      "shootCone": 180.0,
      "inaccuracy": 15.0,
      "ignoreRotation": true,
      "shootSound": "mineDeploy",
      "reload": 30.0,
      "ejectEffect": "none",
        "shoot": {
        "shots": 8,
        "shotDelay": 2.5
  },
      "bullet": {
        "type": "BombBulletType",
        "damage": 6.5,
        "splashDamage": 15.0,
        "splashDamageRadius": 20.0,
        "speed": 0.15,
        "width": 10.0,
        "height": 14.0,
        "shake": 2,
        "shootEffect": "none",
        "smokeEffect": "none",
        "sprite": "mine-bullet",
        "healPercent": 5.0,
        "collidesTeam": true,
        "backColor": "#84f491",
        "frontColor": "#FFFFFF",
        "status": "shocked",
        "statusDuration": 120,
        "hitSound": "artillery",
        "hitEffect": ["blastExplosion", "greenCloud"]
      }
    },
    {
      "type": "RepairBeamWeapon",
      "name": "repair-beam-weapon-center",
      "x": 0.0,
      "y": -2.0,
      "shootY": 6.0,
      "beamWidth": 0.8,
      "mirror": false,
      "repairSpeed": 1.25,
      "bullet": {
        "type": "BulletType",
        "maxRange": 120.0
      }
    }
  ],
  "research": "factorial-reconstructor"
}