{
  "name": "triox",
  "localizedName": "Triox",
  "description": '''shoots electric beams at enemies and waves of electric bombs''',
  "type": "legs",
  "speed": 0.62,
  "drag": 0.1,
  "hitSize": 23.0,
  "health": 8000,
  "armor": 6.0,
  "rotateSpeed": 2.7,
  "hovering": true,
  "shadowElevation": 0.65,
  "groundLayer": 77,
  "ammoType": {
    "type": "PowerAmmoType",
    "power": 2000
  },
  "legCount": 6,
  "legLength": 30.0,
  "legExtension": -15.0,
  "legBaseOffset": 10.0,
  "legMoveSpace": 1.0,
  "legPairOffset": 3.0,
  "legSpeed": 0.2,
  "legLengthScl": 0.96,
  "stepShake": 1.0,
  "rippleScale": 2.0,
  "drownTimeMultiplier": 2.0,
  "legSplashDamage": 32.0,
  "legSplashRange": 30.0,
  "weapons": [
    {
      "name": "hex-weapon",
      "x": 4.0,
      "y": 8.0,
      "reload": 9.0,
      "rotate": true,
      "shootSound": "laser",
      "bullet": {
        "type": "LaserBulletType",
        "damage": 40,
        "length": 173.0,
        "lifetime": 16.0,
        "width": 4.0,
        "colors": [
          "ffffff64",
          "bf92f9",
          "ffffff"
        ],
        "hitEffect": "hitLancer",
        "drawSize": 400.0,
        "pierceCap": 4,
        "collidesAir": false
      }
    },
    {
      "name": "hex-weapon",
      "x": 9.0,
      "y": 6.0,
      "reload": 14.0,
      "rotate": true,
      "shootSound": "laser",
      "bullet": {
        "type": "LaserBulletType",
        "damage": 40,
        "length": 173.0,
        "lifetime": 16.0,
        "width": 4.0,
        "colors": [
          "ffffff64",
          "bf92f9",
          "ffffff"
        ],
        "hitEffect": "hitLancer",
        "drawSize": 400.0,
        "pierceCap": 4,
        "collidesAir": false
      }
    },
    {
      "name": "hex-weapon",
      "x": 14.0,
      "y": 0.0,
      "reload": 22.0,
      "rotate": true,
      "shootSound": "laser",
      "bullet": {
        "type": "LaserBulletType",
        "damage": 40,
        "length": 173.0,
        "lifetime": 16.0,
        "width": 4.0,
        "colors": [
          "ffffff64",
          "bf92f9",
          "ffffff"
        ],
        "hitEffect": "hitLancer",
        "drawSize": 400.0,
        "pierceCap": 4,
        "collidesAir": false
      }
    },
    {
      "name": "cryo-mount",
      "x": 9.0,
      "y": -7.0,
      "shootY": 7.0,
      "reload": 45.0,
      "shake": 3.0,
      "rotateSpeed": 2.0,
      "ejectEffect": "casing1",
      "shootSound": "artillery",
      "rotate": true,
      "shadow": 8.0,
      "recoil": 3.0,
      "bullet": {
        "type": "ArtilleryBulletType",
        "speed": 2.0,
          "damage": 24,
          "lifetime": 70.0,
          "width": 20.0,
          "height": 20.0,
          "collidesTiles": false,
          "splashDamageRadius": 70.0,
          "splashDamage": 60.0,
          "backColor": "#ffcc00",
          "frontColor": "#fff7cc",
          "lightningColor": "#ffe599",
          "lightning": 10,
          "lightningLength": 8,
          "smokeEffect": "shootBigSmoke2",
          "hitShake": 3.0,
          "lightRadius": 30.0,
          "lightColor": "#ffd966",
          "lightOpacity": 0.5,
          "status": "shocked",
          "statusDuration": 600.0,
          "hitEffect": "sparkExplosion"
      }
    }
  ]
}