{
  "name": "trix",
  "localizedName": "Trix",
  "description": "A replicate of the crawler made out of brass. Doesn't do anything unique, but it's superior tiers just might...",
  "type": "mech",
  "speed": 1.0,
  "hitSize": 8.0,
  "health": 150,
  "range": 45.0,
  "shadowElevation": 0.1,
  "ammoType": {
    "type": "ItemAmmoType",
    "item": "coal"
  },
  "weapons": [
    {
      "shootOnDeath": true,
      "shootCone": 180.0,
      "mirror": false,
      "x": 0.0,
      "y": 0.0,
      "shootY": 0.0,
      "reload": 1.0,
      "shootSound": "explosion",
      "ejectEffect": "none",
      "bullet": {
        "type": "BulletType",
        "instantDisappear": true,
        "rangeOverride": 25.0,
        "killShooter": true,
        "hittable": false,
        "collidesAir": true,
        "splashDamageRadius": 20.0,
        "splashDamage": 80.0,
        "status": "shocked",
        "statusDuration": 60.0,
        "speed": 0.0,
        "hitEffect": "explosion",
        "hitSound": "explosion",
        "backColor": "d59640",
        "frontColor": "ffffff"
      }
    }
  ]
}