{
  "type": "Radar",
  "name": "observer",
  "localizedName": "Observer",
  "description": reveals fog at an superior range than radars",
  "size": 2,
  "category": "effect",
  "buildVisibility": "fogOnly",
  "requirements": [
    { "item": "silicon", "amount": 100 },
    { "item": "graphite", "amount": 80 },
    { "item": "tungsten", "amount": 50 }
  ],
  "outlineColor": "4a4b53",
  "fogRadius": 68,
  "research": {
    "requirements": [
      { "item": "silicon", "amount": 180 },
      { "item": "tungsten", "amount": 180 }
    ]
  },
  "consumes": {
    "power": 1.8
  },
"research": "radar"
}