{
  "type": "Radar",
  "name": "watch-tower",
  "localizedName": "Watch tower",
  "description": reveals fog at an stupendously large range",
  "size": 3,
  "category": "effect",
  "buildVisibility": "fogOnly",
  "requirements": [
    { "item": "silicon", "amount": 150 },
    { "item": "graphite", "amount": 150 },
    { "item": "tungsten", "amount": 100 },
    { "item": "oxide", "amount": 75 }
  ],
  "outlineColor": "4a4b53",
  "fogRadius": 179,
  "research": {
    "requirements": [
      { "item": "silicon", "amount": 260 },
      { "item": "oxide", "amount": 180 },
      { "item": "tungsten", "amount": 260 }
    ]
  },
  "consumes": {
    "power": 5.4
  },
"research": "observer"
}