{
  "type": "GenericCrafter",
  "name": "brass-mixer",
  "localizedName": "Brass mixer",
  "description": "Mixes copper and zinc into brass.",
  "details": "No one knows why this one doesn't use power.",
  "size": 2,
  "health": 300,
  "craftTime": 90,
  "hasItems": true,
  "itemCapacity": 12,
      "requirements": [
        {
          "item": "graphite",
          "amount": 20
        },
        {
          "item": "lead",
          "amount": 20
        },
        {
          "item": "copper",
          "amount": 10
        }
      ] ,
  "consumes": {
    "items": [
      {
        "item": "copper",
        "amount": 2
      },
      {
        "item": "zinc",
        "amount": 2
      }
    ]
  }
	"craftEffect": "steam",
	"updateEffect": "none",
  "ambientSound": "smelter",
  "ambientSoundVolume": 0.07,
"drawer": {
    "type": "DrawMulti",
    "drawers": [
   {
    "type": "DrawDefault"
   },
   {
    "type": "DrawFlame",
     "flameColor": "FFEF99",
     "flameRadius": 3.0,         
     "flameRadiusIn": 1.5,
    "flameRadiusScl": 10,
    "flameRadiusMag": 1,
    "flameRadiusInMag": 0.8
   }
               ]

},
   "category": "crafting",
	"research": "zinc-refinery",
"outputItem": "brass/2"
}
