{
  "type": "GenericCrafter",
  "name": "large-zinc-refinery",
  "localizedName": "Zinc refinery",
  "description": "Refines zinc from lead using water and power. More efficient.",
  "size": 3,
  "health": 500,
  "craftTime": 45,
  "hasItems": true,
  "itemCapacity": 20,
  "hasLiquids": true,
  "liquidCapacity": 8,
  "requirements": [
    { "item": "lead", "amount": 60 },
    { "item": "graphite", "amount": 40 },
    { "item": "copper", "amount": 70 },
    { "item": "zinc", "amount": 30 }
  ],
  "consumes": {
    "items": [
      { "item": "lead", "amount": 6 }
    ],
    "liquids": [
      { "liquid": "water", "amount": 0.1 }
    ],
    "power": 1
  },
  "craftEffect": "steam",
  "ambientSound": "machine",
  "ambientSoundVolume": 0.14,
"drawer": {
  "type": "DrawMulti",
  "drawers": [
    {
      "type": "DrawRegion",
      "suffix": "-bottom"
    },
    {
      "type": "DrawLiquidTile",
      "drawLiquid": "water"
    },
    {
      "type": "DrawRegion",
      "suffix": "-top"
    }
  ]
}
  "category": "crafting",
  "research": "brass-mixer",
  "outputItem": {
    "item": "zinc",
    "amount": 4
  }
}