{
  "type": "AttributeCrafter",
  "name": "large-brass-mixer",
  "localizedName": "Large Brass mixer",
  "description": "Mixes copper and zinc into brass with maximum efficiency. Needs coal for additional heating",
  "details": "spinny spinny spun",
  "size": 3,
  "boostScale": 0.28,
  "maxBoost": 1.75,
  "health": 600,
  "craftTime": 100,
  "hasItems": true,
  "itemCapacity": 30,
  "requirements": [
    {
      "item": "graphite",
      "amount": 80
    },
    {
      "item": "lead",
      "amount": 60
    },
    {
      "item": "copper",
      "amount": 60
    },
    {
      "item": "brass",
      "amount": 50
    },
    {
      "item": "silicon",
      "amount": 60
    }
  ],
  "consumes": {
    "items": [
      {
        "item": "coal",
        "amount": 2
      },
      {
        "item": "copper",
        "amount": 5
      },
      {
        "item": "zinc",
        "amount": 5
      }
    ],
    "power": 5
  },
	"craftEffect": "none",
	"updateEffect": "none",
  "ambientSound": "smelter",
  "ambientSoundVolume": 0.14,
"drawer": {
  "type": "DrawMulti",
  "drawers": [
    {
      "type": "DrawRegion",
      "suffix": "-bottom"
    },
   {
    "type": "DrawFlame",
     "flameColor": "FFEF99",
     "flameRadius": 3.5, //todo: make it spawn blazes
     "flameRadiusIn": 1.5,
    "flameRadiusScl": 10,
    "flameRadiusMag": 1,
    "flameRadiusInMag": 0.8
   },
    {
      "type": "DrawRegion",
      "suffix": "-spinner"
      "spinSprite": true,
      "rotateSpeed": 2
    },
    {
      "type": "DrawRegion",
      "suffix": "-top2"
    }
  ]
},
   "category": "crafting",
	"research": "large-zinc-refinery",
"outputItem": "brass/10"
}
