{
  "type": "GenericCrafter",
  "name": "salt-water-mixer",
  "localizedName": "Saltwater mixer",
  "description": "Mixes various substances into the greatest solvent ever.",
  "size": 3,
  "health": 450,
  "craftTime": 60,
  "hasItems": true,
  "itemCapacity": 10,
  "hasLiquids": true,
  "liquidCapacity": 8,
  "requirements": [
    { "item": "lead", "amount": 140 },
    { "item": "plastanium", "amount": 90 },
    { "item": "thorium", "amount": 80 }
  ],
  "consumes": {
    "items": [
      { "item": "salt", "amount": 3 },
      { "item": "lead", "amount": 2 },
      { "item": "pyratite", "amount": 2 }
    ],
    "liquids": [
      { "liquid": "salt-water", "amount": 0.10 },
      { "liquid": "slag", "amount": 0.10 },
      { "liquid": "cryofluid", "amount": 0.10 },
    ],
    "power": 1
  },
  "craftEffect": "steam",
  "ambientSound": "machine",
  "ambientSoundVolume": 0.07,
"drawer": {
  "type": "DrawMulti",
  "drawers": [
    {
      "type": "DrawRegion",
      "suffix": "-bottom"
    },
    {
      "type": "DrawLiquidTile",
      "drawLiquid": "salt-water"
    },
    {
      "type": "DrawLiquidTile",
      "drawLiquid": "perfect-solvent"
    },
    {
      "type": "DrawRegion",
      "suffix": "-spinner"
      "spinSprite": true,
      "rotateSpeed": 3
    },
    {
      "type": "DrawRegion",
      "suffix": "-spinner"
      "spinSprite": true,
      "rotateSpeed": -3,
      "rotation": 45
    },
    {
      "type": "DrawRegion",
      "suffix": "-top"
    }
  ]
}
  "category": "crafting",
  "research": "salt-water-mixer",
  "outputLiquid": {
    "liquid": "perfect-solvent",
    "amount": 0.2
  }
}