{
  "type": "GenericCrafter",
  "name": "salt-water-mixer",
  "localizedName": "Saltwater mixer",
  "description": "Mixes saltwater from water and salt.",
  "size": 2,
  "health": 250,
  "craftTime": 50,
  "hasItems": true,
  "itemCapacity": 10,
  "hasLiquids": true,
  "liquidCapacity": 8,
  "requirements": [
    { "item": "lead", "amount": 30 },
    { "item": "graphite", "amount": 15 },
    { "item": "copper", "amount": 20 }
  ],
  "consumes": {
    "items": [
      { "item": "salt", "amount": 2 }
    ],
    "liquids": [
      { "liquid": "water", "amount": 0.25 }
    ],
    "power": 0.4
  },
  "craftEffect": "steam",
  "ambientSound": "machine",
  "ambientSoundVolume": 0.07,
"drawer": {
  "type": "DrawMulti",
  "drawers": [
    {
      "type": "DrawRegion",
      "suffix": "-bottom"
    },
    {
      "type": "DrawLiquidTile",
      "drawLiquid": "water"
    },
    {
      "type": "DrawLiquidTile",
      "drawLiquid": "salt-water"
    },
    {
      "type": "DrawRegion",
      "suffix": "-top"
    }
  ]
}
  "category": "crafting",
  "research": "brass-mixer",
  "outputLiquid": {
    "liquid": "salt-water",
    "amount": 0.25
  }
}