{
  "type": "GenericCrafter",
  "name": "zinc-refinery",
  "localizedName": "Zinc refinery",
  "description": "Refines zinc from lead using water and power.",
  "size": 2,
  "health": 250,
  "craftTime": 40,
  "hasItems": true,
  "itemCapacity": 10,
  "hasLiquids": true,
  "liquidCapacity": 8,
  "requirements": [
    { "item": "lead", "amount": 30 },
    { "item": "graphite", "amount": 15 },
    { "item": "copper", "amount": 20 }
  ],
  "consumes": {
    "items": [
      { "item": "lead", "amount": 6 }
    ],
    "liquids": [
      { "liquid": "water", "amount": 0.04 }
    ],
    "power": 0.2
  },
  "craftEffect": "steam",
  "ambientSound": "machine",
  "ambientSoundVolume": 0.07,
"drawer": {
  "type": "DrawMulti",
  "drawers": [
    {
      "type": "DrawRegion",
      "suffix": "-bottom"
    },
    {
      "type": "DrawLiquidTile",
      "drawLiquid": "water"
    },
    {
      "type": "DrawRegion",
      "suffix": "-top"
    }
  ]
}
  "category": "crafting",
  "research": "kiln",
  "outputItem": {
    "item": "zinc",
    "amount": 2
  }
}