{
  "name": "advanced-router",
  "localizedName": "Advanced Router",
  "description": "Behaves like an router or sorter, however it can only receive items from one side.",
  "details": "an optional good",
  "type": "ductRouter",
  "category": "distribution",
  "requirements": [
    {
      "item": "brass",
      "amount": 3
    }
  ],
  "health": 70,
  "speed": 4.0,
  "regionRotated1": 1,
  "solid": false,
  "researchCost": [
    {
      "item": "brass",
      "amount": 10
    }
  ],
  "research": router
}