{
  "name": "brass-conveyor",
  "localizedName": "Brass Conveyor",
  "description": "faster than regular conveyor."
  "type": "conveyor",
  "category": "distribution",
  "requirements": [
    { "item": "copper", "amount": 1 },
    { "item": "lead", "amount": 1 },
    { "item": "brass", "amount": 1 }
  ],
  "health": 60,
  "speed": 0.065,
  "displayedSpeed": 8.5,
  "buildCostMultiplier": 2.0,
  "researchCost": [
    { "item": "copper", "amount": 5 },
    { "item": "lead", "amount": 5 },
    { "item": "brass", "amount": 5 }
  ],
  "research": "bridge-conveyor"
}