{
  "name": "zinc-node",
  "localizedName": "Zinc Node",
  "description": "Transports power orthogonally over long distances. Can store a bit of power.",
  "type": "beamNode",
  "size": 1,
  "category": "power",
  "requirements": [
    { "item": "zinc", "amount": 16 }
  ],
  "consumes": {
    "powerBuffered": 100
  },
  "outputsPower": true,
  "health": 70,
  "range": 20,
  "fogRadius": 2,
  "researchCost": [
    { "item": "zinc", "amount": 50 }
  ],
  "buildCostMultiplier": 2.5,
  "research": "power-node"
}