{
  "name": "electric-drill",
  "type": "Drill",
  "localizedName": "Electric drill",
  "description": Mines ores at a faster paste, and can mine thorium. smaller than laser drill, making it less powerful in 3x3 areas, but more powerful in 2x2 ones.
  "category": "production",
  "requirements": [
    {
      "item": "copper",
      "amount": 35
    },
    {
      "item": "graphite",
      "amount": 30
    },
    {
      "item": "silicon",
      "amount": 30
    },
    {
      "item": "brass",
      "amount": 20
    }
  ],
  "drillTime": 200,
  "size": 2,
  "hasPower": true,
  "tier": 4,
  "rotateSpeed": 3,
  "updateEffect": "pulverizeMedium",
  "drillEffect": "mineBig",
  "consumes": {
    "power": 0.90,
    "liquid": {
      "liquid": "water",
      "amount": 0.06,
      "boost": true,
      "optional": true
    }
  }
  "research": "laser-drill"
}
