{
  "type": "ItemTurret",
  "name": "barracuda",
  "localizedName": "Barracuda",
  "description": "Shoots a burst of missiles at enemy targets. Has long reload between bursts.",
  "requirements": [
    { "item": "copper", "amount": 60 },
    { "item": "brass", "amount": 80 },
    { "item": "silicon", "amount": 60 }
  ],
  "size": 2,
  "health": 380,
  "reload": 120,
  "range": 160,
  "recoil": 2,
  "shootCone": 45,
  "shoot": {
    "shots": 12,
    "shotDelay": 3
  },
  "targetAir": true,
  "consumeAmmoOnce": false,
  "ammoUseEffect": "casing2",
  "shootSound": "casing",
  "buildTime": 120,
  "inaccuracy": 2,
  "consumes": [
    { "liquid": "coolant", "amount": 0.2 }
  ],
"drawer": {
  "type": "DrawMulti",
  "drawers": [
    {
      "type": "DrawTurret",
      "parts": [
        {
          "progress": "warmup",
          "moveX": -1.2,
          "moveRot": 15,
          "layerOffset": 0.001,
          "suffix": "-side-l",
          "moves": [
            {
              "progress": "recoil",
              "x": 0.5,
              "y": -0.5,
              "rot": 8
            }
          ]
        },
        {
          "progress": "warmup",
          "moveX": 1.2,
          "moveRot": -15,
          "layerOffset": 0.001,
          "suffix": "-side-r",
          "moves": [
            {
              "progress": "recoil",
              "x": -0.5,
              "y": -0.5,
              "rot": -8
            }
          ]
        },
        {
          "progress": "recoil",
          "moveY": 0.0,
          "suffix": "-barrel"
        }
      ]
    }
  ]
},
"ammoTypes": {
  "silicon": {
    "type": "MissileBulletType",
    "speed": 3.5,
    "damage": 15,
    "lifetime": 60,
    "homingPower": 0.17,
    "homingRange": 80,
    "trailEffect": "missileTrail",
    "hitEffect": "blastExplosion",
    "despawnEffect": "blastExplosion",
    "width": 10,
    "height": 10,
    "frontColor": "#999ba0",
    "backColor": "#707594"
  },
  "pyratite": {
    "type": "MissileBulletType",
    "speed": 3.5,
    "damage": 10,
    "lifetime": 60,
    "homingPower": 0.12,
    "trailEffect": "incendTrail",
    "hitEffect": "smoke",
    "despawnEffect": "smoke",
    "splashDamage": 7.5,
    "splashDamageRadius": 20,
    "status": "burning",
    "width": 12,
    "height": 12,
    "frontColor": "#f8ad42",
    "backColor": "#f68021",
    "makeFire": true
  },
  "blast-compound": {
    "type": "MissileBulletType",
    "speed": 3,
    "damage": 22.5,
    "lifetime": 60,
    "homingPower": 0.12,
    "splashDamage": 12.5,
    "splashDamageRadius": 25,
    "knockback": 1.5,
    "trailEffect": "missileTrail",
    "hitEffect": "massiveExplosion",
    "despawnEffect": "massiveExplosion",
    "width": 12,
    "height": 12,
    "frontColor": "#eeab89",
    "backColor": "#e9665b"
  },
  "plastanium": {
    "type": "MissileBulletType",
    "speed": 4.2,
    "damage": 30,
    "lifetime": 60,
    "homingPower": 0.15,
    "homingRange": 120,
    "pierce": true,
    "pierceCap": 1,
    "trailEffect": "missileTrail",
    "hitEffect": "massiveExplosion",
    "despawnEffect": "massiveExplosion",
    "width": 12,
    "height": 12,
    "frontColor": "#fffac6",
    "backColor": "#d8d97f"
  }
},
   "category": "turret",
	"research": "duo",
}
