{
  "name": "dissolver",
  "localizedName": "Dissolver",
  "description": "Can shoot even stronger acids at enemy targets",
  "type": "liquidTurret",
  "category": "turret",
  "requirements": [
    { "item": "metaglass", "amount": 140 },
    { "item": "titanium", "amount": 530 },
    { "item": "plastanium", "amount": 330 },
    { "item": "thorium", "amount": 140 }
  ],
  "shoot": {
    "shots": 2,
    "shotDelay": 0
  },
"ammoTypes": {
  "salt-water": {
    "type": "LiquidBulletType",
    "lifetime": 49,
    "liquid": salt-water,
    "status": dissolving,
    "speed": 4,
    "drag": 0.001,
    "knockback": 2.5,
    "puddleSize": 12,
    "orbSize": 4,
    "ammoMultiplier": 0.4,
    "statusDuration": 360,
    "damage": 0.5,
    "layerOffset": -2
  },
  "perfect-solvent": {
    "type": "LiquidBulletType",
    "lifetime": 49,
    "liquid": perfect-solvent,
    "status": liquifying,
    "speed": 4,
    "drag": 0.001,
    "knockback": 2.5,
    "puddleSize": 12,
    "orbSize": 4,
    "ammoMultiplier": 0.4,
    "statusDuration": 360,
    "damage": 2.0,
    "layerOffset": -2
  }
},
  "size": 3,
  "reload": 3,
  "recoil": 1,
  "velocityRnd": 0.1,
  "inaccuracy": 4,
  "shootCone": 45,
  "liquidCapacity": 50,
  "shootEffect": "shootLiquid",
  "range": 210,
  "scaledHealth": 250,
  "research": "sizzler"
}