{
  "type": "PowerTurret",
  "name": "barracuda",
  "localizedName": "Pulse",
  "description": "Shoots electric orbs at ground targets.",
  "requirements": [
    { "item": "brass", "amount": 80 },
    { "item": "titanium", "amount": 90 },
    { "item": "copper", "amount": 70 }
  ],
  "size": 2,
  "health": 380,
  "reload": 120,
  "range": 160,
  "recoil": 0.0,
  "shootY": 0,
  "shootCone": 45,
  "targetAir": false,
  "ammoUseEffect": "none",
  "shootSound": "spark",
  "buildTime": 120,
  "inaccuracy": 2,
  "consumes":{
 "power": 8
  },
"drawer": {
  "type": "DrawMulti",
  "drawers": [
    {
      "type": "DrawTurret",
      "parts": [
        {
          "progress": "recoil",
          "moveY": 0.0,
          "suffix": "-mid"
        },
        {
          "progress": "recoil",
          "moveX": -0.7,
          "moveRot": 0,
          "layerOffset": -0.001,
          "suffix": "-side-l"
        },
        {
          "progress": "recoil",
          "moveX": 0.7,
          "moveRot": 0,
          "layerOffset": -0.001,
          "suffix": "-side-r"
        }
      ]
    }
  ]
},
"shootType": {
  "type": "BasicBulletType",
  "sprite": "circle-bullet",
  "damage": 130,
  "splashDamage": 30,
  "splashDamageRadius": 15,
  "speed": 1.0,
  "homingPower": 0.05,
  "lifetime": 165,
  "hitEffect": "explosion",
  "status": "shocked",
  "collidesAir": false,
  "statusDuration": 120,
  "lightningDamage": 10,
  "lightning": 4,
  "lightningLength": 10,
  "hitSound": "spark",
  "width": 8,
  "height": 8,
  "shrinkY": 0,
  "frontColor": "#FFFFFF",
  "backColor": "#B3E5FF"
},
   "category": "turret",
	"research": "arc",
}
