{
  "name": "sizzler",
  "localizedName": "Sizzler",
  "description": "shoots salt water at enemy targets",
  "type": "liquidTurret",
  "category": "turret",
  "requirements": [
    { "item": "metaglass", "amount": 60 },
    { "item": "titanium", "amount": 100 },
    { "item": "copper", "amount": 40 }
  ],
"ammoTypes": {
  "salt-water": {
    "type": "LiquidBulletType",
    "liquid": salt-water,
    "status": dissolving,
    "drag": 0.01,
    "knockback": 0.7,
    "layerOffset": -2
  }
},
  "size": 2,
  "reload": 3,
  "recoil": 0,
  "inaccuracy": 5,
  "shootCone": 50,
  "liquidCapacity": 10,
  "shootEffect": "shootLiquid",
  "range": 110,
  "scaledHealth": 250,
  "research": "tsunami"
}